id,user_id,status,start_date,end_date,created_at,membership_type,duration,primary_first_name,primary_last_name,secondary_first_name,secondary_last_name,junior_a_first_name,junior_a_last_name,junior_b_first_name,junior_b_last_name,junior_c_first_name,junior_c_last_name,email,mobile,street_address,city,state,post_code,payment_method,transaction_id,amount_paid,preferred_number,club_id,notification_preferences,is_life_member
aab6b7c0-f3ce-4198-95f9-c795a7a1aa16,416d58c1-b56a-482e-8231-2ec19f2ce881,active,1/07/2026,31/12/2026,2026-09-30 08:28:54.449474+00,non_member,6 months,Evie,Molle,,,,,,,,,eviemolle16@outlook.com,,,,,,,,,,b374ecbc-fd79-4f35-b6c7-cd5addb770f2,"{""track_ids"": null, ""email_enabled"": true, ""in_app_enabled"": true, ""nominations_open_enabled"": true, ""membership_renewal_enabled"": true}",FALSE
a490cc75-b3de-491c-9f12-212f11586c96,625c6234-b34e-4885-b492-63e2493c33f6,active,1/07/2026,31/12/2026,2026-09-21 08:06:25.952755+00,non_member,6 months,Aaracer,Nonmember,,,,,,,,,info@rcraceday.com,,,,,,,,50,,b374ecbc-fd79-4f35-b6c7-cd5addb770f2,"{""track_ids"": null, ""email_enabled"": true, ""in_app_enabled"": true, ""nominations_open_enabled"": true, ""membership_renewal_enabled"": true}",FALSE
71de89cd-ce8c-4666-85b1-ebac932b606e,,active,1/01/2026,31/12/2026,"Jan 20, 2026",junior,12 months,Jarrod,Cooke,,,,,,,,,cookie@flycookie.com,,,,,,,,,,b374ecbc-fd79-4f35-b6c7-cd5addb770f2,"{""track_ids"": null, ""email_enabled"": true, ""in_app_enabled"": true, ""nominations_open_enabled"": true, ""membership_renewal_enabled"": true}",FALSE
,,active,1/01/2026,31/12/2026,"Jan 2, 2026",junior,12 months,TJ,Craperi,,,,,,,,,tjcraperi@hotmail.com,,,,,,,,,,b374ecbc-fd79-4f35-b6c7-cd5addb770f2,"{""track_ids"": null, ""email_enabled"": true, ""in_app_enabled"": true, ""nominations_open_enabled"": true, ""membership_renewal_enabled"": true}",FALSE
,,active,1/01/2026,31/12/2026,"Jan 3, 2026",junior,12 months,Seth,Doller,,,,,,,,,david.doller89@hotmail.com,,,,,,,,,,b374ecbc-fd79-4f35-b6c7-cd5addb770f2,"{""track_ids"": null, ""email_enabled"": true, ""in_app_enabled"": true, ""nominations_open_enabled"": true, ""membership_renewal_enabled"": true}",FALSE
07a20cdf-1823-48a7-88b5-ea6d8b42196d,,active,1/01/2026,31/12/2026,"Jan 23, 2026",junior,12 months,Drako,Dong,,,,,,,,,dongxb007@gmail.com,,,,,,,,,,b374ecbc-fd79-4f35-b6c7-cd5addb770f2,"{""track_ids"": null, ""email_enabled"": true, ""in_app_enabled"": true, ""nominations_open_enabled"": true, ""membership_renewal_enabled"": true}",FALSE
e49b135d-c62d-4cce-a328-73f145821307,,active,1/01/2026,31/12/2026,"Jan 2, 2026",junior,12 months,Dale,Grunberger,,,,,,,,,dalegrunberger28@gmail.com,,,,,,,,,,b374ecbc-fd79-4f35-b6c7-cd5addb770f2,"{""track_ids"": null, ""email_enabled"": true, ""in_app_enabled"": true, ""nominations_open_enabled"": true, ""membership_renewal_enabled"": true}",FALSE
,,active,1/07/2026,31/12/2026,"Sep 27, 2026",junior,6 months,Wyiat,Horsley,,,,,,,,,sallycantrin@y7mail.com,,,,,,,,,,b374ecbc-fd79-4f35-b6c7-cd5addb770f2,"{""track_ids"": null, ""email_enabled"": true, ""in_app_enabled"": true, ""nominations_open_enabled"": true, ""membership_renewal_enabled"": true}",FALSE
,,active,1/01/2026,31/12/2026,"Jan 16, 2026",junior,12 months,William,Johnson,,,,,,,,,simonjohnson@live.com.au,,,,,,,,,,b374ecbc-fd79-4f35-b6c7-cd5addb770f2,"{""track_ids"": null, ""email_enabled"": true, ""in_app_enabled"": true, ""nominations_open_enabled"": true, ""membership_renewal_enabled"": true}",FALSE
,,,1/07/2026,31/12/2026,"Jul 10, 2026",junior,6 months,Alex,Leggett,,,,,,,,,s.leggett@bigpond.com,,,,,,,,,,b374ecbc-fd79-4f35-b6c7-cd5addb770f2,"{""track_ids"": null, ""email_enabled"": true, ""in_app_enabled"": true, ""nominations_open_enabled"": true, ""membership_renewal_enabled"": true}",FALSE
,,active,1/01/2026,31/12/2026,"Feb 7, 2026",junior,12 months,Axel,Poltock,,,,,,,,,roylesliejohnpoltock77@gmail.com,,,,,,,,,,b374ecbc-fd79-4f35-b6c7-cd5addb770f2,"{""track_ids"": null, ""email_enabled"": true, ""in_app_enabled"": true, ""nominations_open_enabled"": true, ""membership_renewal_enabled"": true}",FALSE
7c414313-f832-41d7-bc00-dd995ad3dd1c,,active,1/01/2026,31/12/2026,"Jan 4, 2026",junior,12 months,Cadel,Supple,,,,,,,,,scott.supple77@gmail.com,,,,,,,,,,b374ecbc-fd79-4f35-b6c7-cd5addb770f2,"{""track_ids"": null, ""email_enabled"": true, ""in_app_enabled"": true, ""nominations_open_enabled"": true, ""membership_renewal_enabled"": true}",FALSE
,,active,1/01/2026,31/12/2026,"Jan 30, 2026",junior,12 months,Jayden,Venter,,,,,,,,,mhventer0315@gmail.com,,,,,,,,,,b374ecbc-fd79-4f35-b6c7-cd5addb770f2,"{""track_ids"": null, ""email_enabled"": true, ""in_app_enabled"": true, ""nominations_open_enabled"": true, ""membership_renewal_enabled"": true}",FALSE
,,active,1/01/2026,31/12/2026,"Jan 30, 2026",junior,12 months,Kian,Venter,,,,,,,,,mhventer0316@gmail.com,,,,,,,,,,b374ecbc-fd79-4f35-b6c7-cd5addb770f2,"{""track_ids"": null, ""email_enabled"": true, ""in_app_enabled"": true, ""nominations_open_enabled"": true, ""membership_renewal_enabled"": true}",FALSE
b02c8c8e-76fb-4524-833b-1504265e8656,,active,1/01/2026,31/12/2026,"Jan 30, 2026",junior,12 months,Stephan,Venter,,,,,,,,,mhventer0317@gmail.com,,,,,,,,,,b374ecbc-fd79-4f35-b6c7-cd5addb770f2,"{""track_ids"": null, ""email_enabled"": true, ""in_app_enabled"": true, ""nominations_open_enabled"": true, ""membership_renewal_enabled"": true}",FALSE
f4d93908-6c61-4bc8-bc6d-2fd3e300fd5b,,active,1/01/2026,31/12/2026,"Jan 11, 2026",family,12 months,David,Boland,,,Gabriel,Boland,,,,,d.boland80@hotmail.com,,,,,,,,,,b374ecbc-fd79-4f35-b6c7-cd5addb770f2,"{""track_ids"": null, ""email_enabled"": true, ""in_app_enabled"": true, ""nominations_open_enabled"": true, ""membership_renewal_enabled"": true}",FALSE
4311888c-a076-47e7-b728-b003027d8e40,,active,1/01/2026,31/12/2026,"Jan 12, 2026",family,12 months,Dan,Carroll,,,Ollie,Carroll,,,,,racing76@me.com,,,,,,,,,,b374ecbc-fd79-4f35-b6c7-cd5addb770f2,"{""track_ids"": null, ""email_enabled"": true, ""in_app_enabled"": true, ""nominations_open_enabled"": true, ""membership_renewal_enabled"": true}",FALSE
eef5ec5c-81d7-4e56-bde2-d3eab28912fc,,active,1/01/2026,31/12/2026,"Jan 1, 2026",family,12 months,Jayson,Connor,Tyler,Connor,Kaylee,Connor,,,,,jbbt@hotmail.com.au,,,,,,,,,,b374ecbc-fd79-4f35-b6c7-cd5addb770f2,"{""track_ids"": null, ""email_enabled"": true, ""in_app_enabled"": true, ""nominations_open_enabled"": true, ""membership_renewal_enabled"": true}",FALSE
,,active,1/01/2026,31/12/2026,"Jan 1, 2026",family,12 months,Peter,Eggleton,Christine,Eggleton,Phoenix,Eggleton,Willow,Eggleton,,,peteeggleton@hotmail.com,,,,,,,,,,b374ecbc-fd79-4f35-b6c7-cd5addb770f2,"{""track_ids"": null, ""email_enabled"": true, ""in_app_enabled"": true, ""nominations_open_enabled"": true, ""membership_renewal_enabled"": true}",FALSE
,,active,1/01/2026,31/12/2026,"Mar 15, 2026",family,12 months,Steve,Evans,Bella,Evans,,,,,,,signgraphica@bigpond.com,,,,,,,,,,b374ecbc-fd79-4f35-b6c7-cd5addb770f2,"{""track_ids"": null, ""email_enabled"": true, ""in_app_enabled"": true, ""nominations_open_enabled"": true, ""membership_renewal_enabled"": true}",FALSE
bfc1a502-409c-4988-bcbc-a5a5165ab656,,active,1/01/2026,31/12/2026,"Jan 1, 2026",family,12 months,Dan,Gillen,,,Aeisha Meadow,Gillen,,,,,daniel.gillen@gmail.com,,,,,,,,,,b374ecbc-fd79-4f35-b6c7-cd5addb770f2,"{""track_ids"": null, ""email_enabled"": true, ""in_app_enabled"": true, ""nominations_open_enabled"": true, ""membership_renewal_enabled"": true}",FALSE
663f35ee-2925-47a4-944d-22b88819abf5,,active,1/01/2026,31/12/2026,"Jan 8, 2026",family,12 months,Aaron,Hatton,,,Korey,Hatton,,,,,fatboy21373@yahoo.com.au,,,,,,,,,,b374ecbc-fd79-4f35-b6c7-cd5addb770f2,"{""track_ids"": null, ""email_enabled"": true, ""in_app_enabled"": true, ""nominations_open_enabled"": true, ""membership_renewal_enabled"": true}",FALSE
,,active,1/07/2026,31/12/2026,"Jul 7, 2026",family,6 months,George,Jenkinson,Michael,Jenkinson,,,,,,,georgej878@gmail.com,,,,,,,,,,b374ecbc-fd79-4f35-b6c7-cd5addb770f2,"{""track_ids"": null, ""email_enabled"": true, ""in_app_enabled"": true, ""nominations_open_enabled"": true, ""membership_renewal_enabled"": true}",FALSE
b84d3e0b-0775-480e-9074-165f116ffb70,,active,1/01/2026,31/12/2026,"Jan 1, 2026",family,12 months,Greg,Lollback,,,Miles,Lollback,,,,,glollback@gmail.com,,,,,,,,,,b374ecbc-fd79-4f35-b6c7-cd5addb770f2,"{""track_ids"": null, ""email_enabled"": true, ""in_app_enabled"": true, ""nominations_open_enabled"": true, ""membership_renewal_enabled"": true}",FALSE
,,,1/01/2026,31/12/2026,"Jan 1, 2026",family,12 months,Wayne,Mac Donald,,,Ava,Mac Donald,,,,,waynemacd33@gmail.com,,,,,,,,,,b374ecbc-fd79-4f35-b6c7-cd5addb770f2,"{""track_ids"": null, ""email_enabled"": true, ""in_app_enabled"": true, ""nominations_open_enabled"": true, ""membership_renewal_enabled"": true}",FALSE
ccf57895-111d-443f-98a2-6bc5e95b1a87,,active,1/01/2026,31/12/2026,"Jan 3, 2026",family,12 months,David,Marques,,,Sam,Marques,,,,,david.alejandro.marques@gmail.com,,,,,,,,,,b374ecbc-fd79-4f35-b6c7-cd5addb770f2,"{""track_ids"": null, ""email_enabled"": true, ""in_app_enabled"": true, ""nominations_open_enabled"": true, ""membership_renewal_enabled"": true}",FALSE
ba6b194b-5904-478f-8e5b-69449e24495c,,active,1/01/2026,31/12/2026,"Jan 1, 2026",family,12 months,Paul,Mason,,,Toby,Mason,Max,Mason,,,paul.mason@volvo.com,,,,,,,,,,b374ecbc-fd79-4f35-b6c7-cd5addb770f2,"{""track_ids"": null, ""email_enabled"": true, ""in_app_enabled"": true, ""nominations_open_enabled"": true, ""membership_renewal_enabled"": true}",FALSE
,,,1/01/2026,31/12/2026,"Jan 2, 2026",family,12 months,Rob,Maycock,Robbie,Maycock,,,,,,,robmaycock@bigpond.com,,,,,,,,,,b374ecbc-fd79-4f35-b6c7-cd5addb770f2,"{""track_ids"": null, ""email_enabled"": true, ""in_app_enabled"": true, ""nominations_open_enabled"": true, ""membership_renewal_enabled"": true}",FALSE
,,,1/01/2026,31/12/2026,"Jan 17, 2026",family,12 months,Ryan,McColl,,,Charlotte,McColl,Mitchell,McColl,Maggie,McColl,ryan.mccoll@icloud.com,,,,,,,,,,b374ecbc-fd79-4f35-b6c7-cd5addb770f2,"{""track_ids"": null, ""email_enabled"": true, ""in_app_enabled"": true, ""nominations_open_enabled"": true, ""membership_renewal_enabled"": true}",FALSE
8a54eb78-6bf2-48de-863b-9d44eca80fcd,395b13dd-c9d4-4f75-a041-883d7169a6ca,active,1/07/2026,31/12/2026,2026-09-28 23:21:30.036236+00,family,6 months,Jacqui,Molle,,,,,,,,,jacquimartist@outlook.com,,,,,,,,70,,b374ecbc-fd79-4f35-b6c7-cd5addb770f2,"{""track_ids"": null, ""email_enabled"": true, ""in_app_enabled"": true, ""nominations_open_enabled"": true, ""membership_renewal_enabled"": true}",FALSE
,,active,1/01/2026,31/12/2026,"Jan 3, 2026",family,12 months,Trevor,Morrison,,,Tom,Morrison,,,,,morrison_trevor@hotmail.com,,,,,,,,,,b374ecbc-fd79-4f35-b6c7-cd5addb770f2,"{""track_ids"": null, ""email_enabled"": true, ""in_app_enabled"": true, ""nominations_open_enabled"": true, ""membership_renewal_enabled"": true}",FALSE
,,active,1/07/2026,31/12/2026,"Jul 10, 2026",family,6 months,Raymond,Munday,Lachlan,Munday,,,,,,,rmunday76@gmail.com,,,,,,,,,,b374ecbc-fd79-4f35-b6c7-cd5addb770f2,"{""track_ids"": null, ""email_enabled"": true, ""in_app_enabled"": true, ""nominations_open_enabled"": true, ""membership_renewal_enabled"": true}",FALSE
1a9808f1-0f32-4702-8d65-c04cb3347a1f,,active,1/01/2026,31/12/2026,"Feb 21, 2026",family,12 months,Evan,Poole,,,Connor,Poole,,,,,evan_poole@hotmail.com,,,,,,,,,,b374ecbc-fd79-4f35-b6c7-cd5addb770f2,"{""track_ids"": null, ""email_enabled"": true, ""in_app_enabled"": true, ""nominations_open_enabled"": true, ""membership_renewal_enabled"": true}",FALSE
7e842af8-e00a-4f56-9ffa-69e5a74ad979,,active,1/01/2026,31/12/2026,"Jan 14, 2026",family,12 months,Harley,Prince,,,Oliver,Prince,,,,,harley.gene.prince@icloud.com,,,,,,,,,,b374ecbc-fd79-4f35-b6c7-cd5addb770f2,"{""track_ids"": null, ""email_enabled"": true, ""in_app_enabled"": true, ""nominations_open_enabled"": true, ""membership_renewal_enabled"": true}",FALSE
,,,1/01/2026,31/12/2026,"Jan 11, 2026",family,12 months,Aaron,Scott,,,Aurora,Scott,,,,,aaronscott777@hotmail.com,,,,,,,,,,b374ecbc-fd79-4f35-b6c7-cd5addb770f2,"{""track_ids"": null, ""email_enabled"": true, ""in_app_enabled"": true, ""nominations_open_enabled"": true, ""membership_renewal_enabled"": true}",FALSE
b645601d-62f4-40c3-8949-2886a6a5e86c,,active,1/01/2026,31/12/2026,"Feb 24, 2026",family,12 months,Adam,Siggers,,,Jaxon,Siggers,,,,,a.siggers@outlook.com,,,,,,,,,,b374ecbc-fd79-4f35-b6c7-cd5addb770f2,"{""track_ids"": null, ""email_enabled"": true, ""in_app_enabled"": true, ""nominations_open_enabled"": true, ""membership_renewal_enabled"": true}",FALSE
d611cfaa-6aeb-4a43-82bd-a10c07e18624,,active,1/01/2026,31/12/2026,"Jan 2, 2026",family,12 months,Mark,Stevens,,,Jaxson,Stevens,,,,,hookedontrailers@bigpond.com,,,,,,,,,,b374ecbc-fd79-4f35-b6c7-cd5addb770f2,"{""track_ids"": null, ""email_enabled"": true, ""in_app_enabled"": true, ""nominations_open_enabled"": true, ""membership_renewal_enabled"": true}",FALSE
dc6e400c-766e-4ac4-9399-0c3f9889cd76,37820250-bf4c-422a-84f3-00a5263e4aeb,active,1/07/2026,31/12/2026,2026-09-25 08:00:01.472632+00,family,half,AAfamily,Test,,,,,,,,,sales@deathscrowco.com,,,,,,,,70,,b374ecbc-fd79-4f35-b6c7-cd5addb770f2,"{""track_ids"": null, ""email_enabled"": true, ""in_app_enabled"": true, ""nominations_open_enabled"": true, ""membership_renewal_enabled"": true}",FALSE
,,active,1/07/2026,31/12/2026,"Jul 7, 2026",family,6 months,John,Toose,Howard,Toose,,,,,,,johnnocarcraft@gmail.com,,,,,,,,,,b374ecbc-fd79-4f35-b6c7-cd5addb770f2,"{""track_ids"": null, ""email_enabled"": true, ""in_app_enabled"": true, ""nominations_open_enabled"": true, ""membership_renewal_enabled"": true}",FALSE
07b61697-126b-4533-ad35-693efc29a17b,,active,1/01/2026,31/12/2026,"Jan 3, 2026",family,12 months,Martin,Tudman,,,Ashton,Tudman,,,,,R34_RIDER@HOTMAIL.COM,,,,,,,,,,b374ecbc-fd79-4f35-b6c7-cd5addb770f2,"{""track_ids"": null, ""email_enabled"": true, ""in_app_enabled"": true, ""nominations_open_enabled"": true, ""membership_renewal_enabled"": true}",FALSE
,,active,1/01/2026,31/12/2026,"Jan 1, 2026",family,12 months,Peter,Vergottini,,,Blake,Knipe,,,,,vergottinipeter@gmail.com,,,,,,,,,,b374ecbc-fd79-4f35-b6c7-cd5addb770f2,"{""track_ids"": null, ""email_enabled"": true, ""in_app_enabled"": true, ""nominations_open_enabled"": true, ""membership_renewal_enabled"": true}",FALSE
25f219ff-aa93-4ccc-b4a8-2c172d6144d5,,active,1/01/2026,31/12/2026,"Jan 1, 2026",family,12 months,Jason,Walker,,,Tom,Walker,,,,,jt.walker@live.com.au,,,,,,,,,,b374ecbc-fd79-4f35-b6c7-cd5addb770f2,"{""track_ids"": null, ""email_enabled"": true, ""in_app_enabled"": true, ""nominations_open_enabled"": true, ""membership_renewal_enabled"": true}",FALSE
150e8371-8a46-4820-83e4-2adb1e1ae322,,active,1/01/2026,31/12/2026,"Jan 2, 2026",adult,12 months,Damian,Absolon,,,,,,,,,damian.absolon@icloud.com,,,,,,,,,,b374ecbc-fd79-4f35-b6c7-cd5addb770f2,"{""track_ids"": null, ""email_enabled"": true, ""in_app_enabled"": true, ""nominations_open_enabled"": true, ""membership_renewal_enabled"": true}",FALSE
,,active,1/07/2026,31/12/2026,"Aug 8, 2026",adult,6 months,Scott,Aldred,,,,,,,,,scottaldred000@gmail.com,,,,,,,,,,b374ecbc-fd79-4f35-b6c7-cd5addb770f2,"{""track_ids"": null, ""email_enabled"": true, ""in_app_enabled"": true, ""nominations_open_enabled"": true, ""membership_renewal_enabled"": true}",FALSE
71dfb83f-dc7d-4982-992c-3eb7a04e764b,,active,1/01/2026,31/12/2026,"Jan 1, 2026",adult,12 months,David,Allanach,,,,,,,,,david@mobiledentrepairs.com.au,,,,,,,,,,b374ecbc-fd79-4f35-b6c7-cd5addb770f2,"{""track_ids"": null, ""email_enabled"": true, ""in_app_enabled"": true, ""nominations_open_enabled"": true, ""membership_renewal_enabled"": true}",FALSE
,,active,1/01/2026,31/12/2026,"Mar 28, 2026",adult,12 months,Alexander,Amos,,,,,,,,,darkfox2507@gmail.com,,,,,,,,,,b374ecbc-fd79-4f35-b6c7-cd5addb770f2,"{""track_ids"": null, ""email_enabled"": true, ""in_app_enabled"": true, ""nominations_open_enabled"": true, ""membership_renewal_enabled"": true}",FALSE
,,active,1/01/2026,31/12/2026,"Mar 28, 2026",adult,12 months,Ryan,Amos,,,,,,,,,ryan.ashley.amos@gmail.com,,,,,,,,,,b374ecbc-fd79-4f35-b6c7-cd5addb770f2,"{""track_ids"": null, ""email_enabled"": true, ""in_app_enabled"": true, ""nominations_open_enabled"": true, ""membership_renewal_enabled"": true}",FALSE
,,active,1/01/2026,31/12/2026,"Mar 28, 2026",adult,12 months,Glen,Amos,,,,,,,,,glendyn.amos@gmail.com,,,,,,,,,,b374ecbc-fd79-4f35-b6c7-cd5addb770f2,"{""track_ids"": null, ""email_enabled"": true, ""in_app_enabled"": true, ""nominations_open_enabled"": true, ""membership_renewal_enabled"": true}",FALSE
4370ad5b-90d1-4972-9911-44ba5c6c16e2,,active,1/01/2026,31/12/2026,"Jan 1, 2026",adult,12 months,Daniel,Austin,,,,,,,,,Dan.Austin.74@icloud.com,,,,,,,,,,b374ecbc-fd79-4f35-b6c7-cd5addb770f2,"{""track_ids"": null, ""email_enabled"": true, ""in_app_enabled"": true, ""nominations_open_enabled"": true, ""membership_renewal_enabled"": true}",FALSE
7681da2e-3ec9-4257-87da-c1ebf3ac6f43,,active,1/01/2026,31/12/2026,"Jan 7, 2026",adult,12 months,Jo,Bailey-Nelson,,,,,,,,,josdoinit@gmail.com,,,,,,,,,,b374ecbc-fd79-4f35-b6c7-cd5addb770f2,"{""track_ids"": null, ""email_enabled"": true, ""in_app_enabled"": true, ""nominations_open_enabled"": true, ""membership_renewal_enabled"": true}",FALSE
0d27900c-8101-4dcb-af31-e1999d68ff43,,active,1/01/2026,31/12/2026,"Jan 16, 2026",adult,12 months,Evan,Baldock,,,,,,,,,relllow@live.com,,,,,,,,,,b374ecbc-fd79-4f35-b6c7-cd5addb770f2,"{""track_ids"": null, ""email_enabled"": true, ""in_app_enabled"": true, ""nominations_open_enabled"": true, ""membership_renewal_enabled"": true}",FALSE
4bb275dd-2899-4591-bcfb-5c1613dc7f1e,,active,1/01/2026,31/12/2026,"Jan 17, 2026",adult,12 months,Adrian,Basso,,,,,,,,,adrian.basso21@gmail.com,,,,,,,,,,b374ecbc-fd79-4f35-b6c7-cd5addb770f2,"{""track_ids"": null, ""email_enabled"": true, ""in_app_enabled"": true, ""nominations_open_enabled"": true, ""membership_renewal_enabled"": true}",FALSE
c2118da7-9b9e-4278-9cec-a4cc07d78aa4,,active,1/01/2026,31/12/2026,"Jan 15, 2026",adult,12 months,Corey,Bennett,,,,,,,,,corey.1973@live.com,,,,,,,,,,b374ecbc-fd79-4f35-b6c7-cd5addb770f2,"{""track_ids"": null, ""email_enabled"": true, ""in_app_enabled"": true, ""nominations_open_enabled"": true, ""membership_renewal_enabled"": true}",FALSE
d5f5b2c3-598d-4e2b-a941-3405aef00129,,active,1/01/2026,31/12/2026,"Jan 30, 2026",adult,12 months,Cooper,Benz,,,,,,,,,cooperbenz05@gmail.com,,,,,,,,,,b374ecbc-fd79-4f35-b6c7-cd5addb770f2,"{""track_ids"": null, ""email_enabled"": true, ""in_app_enabled"": true, ""nominations_open_enabled"": true, ""membership_renewal_enabled"": true}",FALSE
337b5e39-2f42-4c2c-ad6d-bc780689ed5c,,active,1/01/2026,31/12/2026,"Jan 9, 2026",adult,12 months,Andrew,Bik,,,,,,,,,andrew.s.bik@gmail.com,,,,,,,,,,b374ecbc-fd79-4f35-b6c7-cd5addb770f2,"{""track_ids"": null, ""email_enabled"": true, ""in_app_enabled"": true, ""nominations_open_enabled"": true, ""membership_renewal_enabled"": true}",FALSE
504be8da-b180-4945-9063-6642cb6a30c5,,active,1/01/2026,31/12/2026,"Jan 27, 2026",adult,12 months,Dom,Blackman,,,,,,,,,info@hybridlandscapes.com.au,,,,,,,,,,b374ecbc-fd79-4f35-b6c7-cd5addb770f2,"{""track_ids"": null, ""email_enabled"": true, ""in_app_enabled"": true, ""nominations_open_enabled"": true, ""membership_renewal_enabled"": true}",FALSE
22102338-9bae-425c-8c46-411799d8b08b,,active,1/01/2026,31/12/2026,"Jan 1, 2026",adult,12 months,David,Blackmore,,,,,,,,,fencingconcepts@bigpond.com,,,,,,,,,,b374ecbc-fd79-4f35-b6c7-cd5addb770f2,"{""track_ids"": null, ""email_enabled"": true, ""in_app_enabled"": true, ""nominations_open_enabled"": true, ""membership_renewal_enabled"": true}",FALSE
39985a7a-e133-459b-82cd-ecb1483c7083,,active,1/01/2026,31/12/2026,"Jan 1, 2026",adult,12 months,Lachlan,Bowes,,,,,,,,,orthogonous@gmail.com,,,,,,,,,,b374ecbc-fd79-4f35-b6c7-cd5addb770f2,"{""track_ids"": null, ""email_enabled"": true, ""in_app_enabled"": true, ""nominations_open_enabled"": true, ""membership_renewal_enabled"": true}",FALSE
57ff5e13-4f0b-4499-838f-2b9bc2721ead,,active,1/01/2026,31/12/2026,"Jan 15, 2026",adult,12 months,Neil,Bramble,,,,,,,,,mrneil81@gmail.com,,,,,,,,,,b374ecbc-fd79-4f35-b6c7-cd5addb770f2,"{""track_ids"": null, ""email_enabled"": true, ""in_app_enabled"": true, ""nominations_open_enabled"": true, ""membership_renewal_enabled"": true}",FALSE
efba9d1b-ac02-4fa6-9bc0-52d23fe705a7,,active,1/01/2026,31/12/2026,"Jan 2, 2026",adult,12 months,Chris,Bromley,,,,,,,,,1chrisbromley@gmail.com,,,,,,,,,,b374ecbc-fd79-4f35-b6c7-cd5addb770f2,"{""track_ids"": null, ""email_enabled"": true, ""in_app_enabled"": true, ""nominations_open_enabled"": true, ""membership_renewal_enabled"": true}",FALSE
0f40399c-0c7b-481f-b2c2-cdd80e85a20e,,active,1/01/2026,31/12/2026,"Jan 3, 2026",adult,12 months,Chris,Bugden,,,,,,,,,nedgubc@hotmail.com,,,,,,,,,,b374ecbc-fd79-4f35-b6c7-cd5addb770f2,"{""track_ids"": null, ""email_enabled"": true, ""in_app_enabled"": true, ""nominations_open_enabled"": true, ""membership_renewal_enabled"": true}",FALSE
3b4ae1df-3332-4b55-ab7c-9189744f9c7f,,active,1/01/2026,31/12/2026,"Jan 5, 2026",adult,12 months,Luke,Christie,,,,,,,,,pegger@comcen.com.au,,,,,,,,,,b374ecbc-fd79-4f35-b6c7-cd5addb770f2,"{""track_ids"": null, ""email_enabled"": true, ""in_app_enabled"": true, ""nominations_open_enabled"": true, ""membership_renewal_enabled"": true}",FALSE
,,active,1/01/2026,31/12/2026,"Jan 1, 2026",adult,12 months,Travis,Condon,,,,,,,,,traviscondon@live.com.au,,,,,,,,,,b374ecbc-fd79-4f35-b6c7-cd5addb770f2,"{""track_ids"": null, ""email_enabled"": true, ""in_app_enabled"": true, ""nominations_open_enabled"": true, ""membership_renewal_enabled"": true}",FALSE
,,active,1/01/2026,31/12/2026,"Jan 1, 2026",adult,12 months,Steven,Corrs,,,,,,,,,Sjcorrs55@gmail.com,,,,,,,,,,b374ecbc-fd79-4f35-b6c7-cd5addb770f2,"{""track_ids"": null, ""email_enabled"": true, ""in_app_enabled"": true, ""nominations_open_enabled"": true, ""membership_renewal_enabled"": true}",FALSE
5df09cc2-97d0-4317-bcb3-5c736f7498cb,,active,1/01/2026,31/12/2026,"Jan 11, 2026",adult,12 months,Jordan,Cosic,,,,,,,,,jordancosic95@gmail.com,,,,,,,,,,b374ecbc-fd79-4f35-b6c7-cd5addb770f2,"{""track_ids"": null, ""email_enabled"": true, ""in_app_enabled"": true, ""nominations_open_enabled"": true, ""membership_renewal_enabled"": true}",FALSE
7d81adb5-3276-420a-a944-bc5ba9fa4640,,active,1/01/2026,31/12/2026,"Jan 1, 2026",adult,12 months,Christopher,Cox,,,,,,,,,chris_cox73@hotmail.com.au,,,,,,,,,,b374ecbc-fd79-4f35-b6c7-cd5addb770f2,"{""track_ids"": null, ""email_enabled"": true, ""in_app_enabled"": true, ""nominations_open_enabled"": true, ""membership_renewal_enabled"": true}",FALSE
,,active,1/01/2026,31/12/2026,"Jun 3, 2026",adult,12 months,Dallas,Crisp,,,,,,,,,pamcrisp@hotmail.com,,,,,,,,,,b374ecbc-fd79-4f35-b6c7-cd5addb770f2,"{""track_ids"": null, ""email_enabled"": true, ""in_app_enabled"": true, ""nominations_open_enabled"": true, ""membership_renewal_enabled"": true}",FALSE
df7c2f14-a361-41f6-b0b2-c14fdaf8714d,,active,1/07/2026,31/12/2026,"Jan 30, 2026",adult,6 months,Graeme,Cullen,,,,,,,,,gbcullen@bigpond.net.au,,,,,,,,,,b374ecbc-fd79-4f35-b6c7-cd5addb770f2,"{""track_ids"": null, ""email_enabled"": true, ""in_app_enabled"": true, ""nominations_open_enabled"": true, ""membership_renewal_enabled"": true}",FALSE
,,active,1/01/2026,31/12/2026,"Jan 10, 2026",adult,12 months,Simon,Davidson,,,,,,,,,spgdavidson1@outlook.com,,,,,,,,,,b374ecbc-fd79-4f35-b6c7-cd5addb770f2,"{""track_ids"": null, ""email_enabled"": true, ""in_app_enabled"": true, ""nominations_open_enabled"": true, ""membership_renewal_enabled"": true}",FALSE
bb46b07d-f92e-4bd7-944f-5c3f015b175e,,active,1/01/2026,31/12/2026,"Jan 17, 2026",adult,12 months,Mark,DE Bono,,,,,,,,,madracermark@gmail.com,,,,,,,,,,b374ecbc-fd79-4f35-b6c7-cd5addb770f2,"{""track_ids"": null, ""email_enabled"": true, ""in_app_enabled"": true, ""nominations_open_enabled"": true, ""membership_renewal_enabled"": true}",FALSE
9c7c4285-482e-45b8-87a7-0f3798090794,,active,1/01/2026,31/12/2026,"Jan 1, 2026",adult,12 months,Jay,Denman,,,,,,,,,jdenm10@hotmail.com,,,,,,,,,,b374ecbc-fd79-4f35-b6c7-cd5addb770f2,"{""track_ids"": null, ""email_enabled"": true, ""in_app_enabled"": true, ""nominations_open_enabled"": true, ""membership_renewal_enabled"": true}",FALSE
,,active,1/01/2026,31/12/2026,"May 5, 2026",adult,12 months,Con,Dionissiou,,,,,,,,,con.dionissiou@gmail.com,,,,,,,,,,b374ecbc-fd79-4f35-b6c7-cd5addb770f2,"{""track_ids"": null, ""email_enabled"": true, ""in_app_enabled"": true, ""nominations_open_enabled"": true, ""membership_renewal_enabled"": true}",FALSE
6f4654fd-c04d-4aab-b281-50f8f81eaff7,,active,1/01/2026,31/12/2026,"Jan 7, 2026",adult,12 months,Andrew,Donaldson,,,,,,,,,andrewdono@icloud.com,,,,,,,,,,b374ecbc-fd79-4f35-b6c7-cd5addb770f2,"{""track_ids"": null, ""email_enabled"": true, ""in_app_enabled"": true, ""nominations_open_enabled"": true, ""membership_renewal_enabled"": true}",FALSE
bf112d11-1aa4-45ae-b5b7-22f8ca065fa2,,active,1/01/2026,31/12/2026,"Feb 24, 2026",adult,12 months,Brendan,Drew,,,,,,,,,brenodrew@hotmail.com,,,,,,,,,,b374ecbc-fd79-4f35-b6c7-cd5addb770f2,"{""track_ids"": null, ""email_enabled"": true, ""in_app_enabled"": true, ""nominations_open_enabled"": true, ""membership_renewal_enabled"": true}",FALSE
47b03bde-6df3-40c0-a76a-9b352bd3ff1f,,active,1/01/2026,31/12/2026,"Jan 15, 2026",adult,12 months,Damien,Drew,,,,,,,,,ddrew27@gmail.com,,,,,,,,,,b374ecbc-fd79-4f35-b6c7-cd5addb770f2,"{""track_ids"": null, ""email_enabled"": true, ""in_app_enabled"": true, ""nominations_open_enabled"": true, ""membership_renewal_enabled"": true}",FALSE
,,active,1/01/2026,31/12/2026,"Jan 11, 2026",adult,12 months,Steven,Drummond,,,,,,,,,stevenkdrummond@gmail.com,,,,,,,,,,b374ecbc-fd79-4f35-b6c7-cd5addb770f2,"{""track_ids"": null, ""email_enabled"": true, ""in_app_enabled"": true, ""nominations_open_enabled"": true, ""membership_renewal_enabled"": true}",FALSE
,,active,1/07/2026,31/12/2026,"Jul 10, 2026",adult,6 months,Joel,Eaton,,,,,,,,,joeleaton88@gmail.com,,,,,,,,,,b374ecbc-fd79-4f35-b6c7-cd5addb770f2,"{""track_ids"": null, ""email_enabled"": true, ""in_app_enabled"": true, ""nominations_open_enabled"": true, ""membership_renewal_enabled"": true}",FALSE
,,active,1/01/2026,31/12/2026,"May 22, 2026",adult,12 months,Jason,Elton,,,,,,,,,jaceelton@gmail.com,,,,,,,,,,b374ecbc-fd79-4f35-b6c7-cd5addb770f2,"{""track_ids"": null, ""email_enabled"": true, ""in_app_enabled"": true, ""nominations_open_enabled"": true, ""membership_renewal_enabled"": true}",FALSE
5d88f2ca-d567-47f1-8690-69579eacc60c,,active,1/01/2026,31/12/2026,"Jan 2, 2026",adult,12 months,Chris,Erbs,,,,,,,,,chriserbs.outlook@gmail.com,,,,,,,,,,b374ecbc-fd79-4f35-b6c7-cd5addb770f2,"{""track_ids"": null, ""email_enabled"": true, ""in_app_enabled"": true, ""nominations_open_enabled"": true, ""membership_renewal_enabled"": true}",FALSE
a087a158-1d10-45b7-a9a1-afe480596c00,,active,1/01/2026,31/12/2026,"Jan 3, 2026",adult,12 months,Mark,Fichou,,,,,,,,,markfichou@gmail.com,,,,,,,,,,b374ecbc-fd79-4f35-b6c7-cd5addb770f2,"{""track_ids"": null, ""email_enabled"": true, ""in_app_enabled"": true, ""nominations_open_enabled"": true, ""membership_renewal_enabled"": true}",FALSE
681f7bcd-be78-464c-b4c8-e7f44fbcf091,,active,1/01/2026,31/12/2026,"Jan 28, 2026",adult,12 months,Adrian,Field,,,,,,,,,AFIELD1972@bigpond.com,,,,,,,,,,b374ecbc-fd79-4f35-b6c7-cd5addb770f2,"{""track_ids"": null, ""email_enabled"": true, ""in_app_enabled"": true, ""nominations_open_enabled"": true, ""membership_renewal_enabled"": true}",FALSE
,,active,1/01/2026,31/12/2026,"May 6, 2026",adult,12 months,Stefan,Floratos,,,,,,,,,pnprc@outlook.com,,,,,,,,,,b374ecbc-fd79-4f35-b6c7-cd5addb770f2,"{""track_ids"": null, ""email_enabled"": true, ""in_app_enabled"": true, ""nominations_open_enabled"": true, ""membership_renewal_enabled"": true}",FALSE
b33b3416-8043-4c62-8ee7-983a91b6c7ce,,active,1/01/2026,31/12/2026,"Feb 28, 2026",adult,12 months,Paul,Freimanis,,,,,,,,,paulfreimanis@yahoo.com.au,,,,,,,,,,b374ecbc-fd79-4f35-b6c7-cd5addb770f2,"{""track_ids"": null, ""email_enabled"": true, ""in_app_enabled"": true, ""nominations_open_enabled"": true, ""membership_renewal_enabled"": true}",FALSE
,,active,1/01/2026,31/12/2026,"Jan 7, 2026",adult,12 months,Shaun,Gammie,,,,,,,,,shaungammie@gmail.com,,,,,,,,,,b374ecbc-fd79-4f35-b6c7-cd5addb770f2,"{""track_ids"": null, ""email_enabled"": true, ""in_app_enabled"": true, ""nominations_open_enabled"": true, ""membership_renewal_enabled"": true}",FALSE
,,active,1/07/2026,31/12/2026,"Jul 10, 2026",adult,6 months,Ashane,Gooneratne,,,,,,,,,Ashane_gooneratne@hotmail.com,,,,,,,,,,b374ecbc-fd79-4f35-b6c7-cd5addb770f2,"{""track_ids"": null, ""email_enabled"": true, ""in_app_enabled"": true, ""nominations_open_enabled"": true, ""membership_renewal_enabled"": true}",FALSE
48118d47-1179-40aa-b6c7-690d4b6c035c,,active,1/01/2026,31/12/2026,"Jan 17, 2026",adult,12 months,Nathan,Graham,,,,,,,,,natgraham88@gmail.com,,,,,,,,,,b374ecbc-fd79-4f35-b6c7-cd5addb770f2,"{""track_ids"": null, ""email_enabled"": true, ""in_app_enabled"": true, ""nominations_open_enabled"": true, ""membership_renewal_enabled"": true}",FALSE
bec7abd8-9ee0-42dd-a34c-748a1c2c4096,,active,1/01/2026,31/12/2026,"Jan 2, 2026",adult,12 months,David,Guyatt,,,,,,,,,davidg@guyatt.net,,,,,,,,,,b374ecbc-fd79-4f35-b6c7-cd5addb770f2,"{""track_ids"": null, ""email_enabled"": true, ""in_app_enabled"": true, ""nominations_open_enabled"": true, ""membership_renewal_enabled"": true}",FALSE
,,active,1/01/2026,31/12/2026,"Jan 1, 2026",adult,12 months,Scott,Guyatt,,,,,,,,,scott@guyatt.net,,,,,,,,,,b374ecbc-fd79-4f35-b6c7-cd5addb770f2,"{""track_ids"": null, ""email_enabled"": true, ""in_app_enabled"": true, ""nominations_open_enabled"": true, ""membership_renewal_enabled"": true}",FALSE
,,active,1/01/2026,31/12/2026,"Mar 5, 2026",adult,12 months,Tim,Hoare,,,,,,,,,aaykayaay@gmail.com,,,,,,,,,,b374ecbc-fd79-4f35-b6c7-cd5addb770f2,"{""track_ids"": null, ""email_enabled"": true, ""in_app_enabled"": true, ""nominations_open_enabled"": true, ""membership_renewal_enabled"": true}",FALSE
,,active,1/01/2026,31/12/2026,"Jan 2, 2026",adult,12 months,Trevor,Hollis,,,,,,,,,trevorh08@hotmail.com,,,,,,,,,,b374ecbc-fd79-4f35-b6c7-cd5addb770f2,"{""track_ids"": null, ""email_enabled"": true, ""in_app_enabled"": true, ""nominations_open_enabled"": true, ""membership_renewal_enabled"": true}",FALSE
,,active,1/01/2026,31/12/2026,"Feb 1, 2026",adult,12 months,Rob,Hughes,,,,,,,,,sopielee09@iprimus.com.au,,,,,,,,,,b374ecbc-fd79-4f35-b6c7-cd5addb770f2,"{""track_ids"": null, ""email_enabled"": true, ""in_app_enabled"": true, ""nominations_open_enabled"": true, ""membership_renewal_enabled"": true}",FALSE
,,active,1/01/2026,31/12/2026,"Jan 17, 2026",adult,12 months,Sam,Huxham,,,,,,,,,sam.huxham13@outlook.com,,,,,,,,,,b374ecbc-fd79-4f35-b6c7-cd5addb770f2,"{""track_ids"": null, ""email_enabled"": true, ""in_app_enabled"": true, ""nominations_open_enabled"": true, ""membership_renewal_enabled"": true}",FALSE
f354bd6e-0d6a-4145-ba75-34fb9b00b926,,active,1/01/2026,31/12/2026,"Jan 17, 2026",adult,12 months,Brenton,Huxham,,,,,,,,,bhuxham@arkprojects.com.au,,,,,,,,,,b374ecbc-fd79-4f35-b6c7-cd5addb770f2,"{""track_ids"": null, ""email_enabled"": true, ""in_app_enabled"": true, ""nominations_open_enabled"": true, ""membership_renewal_enabled"": true}",FALSE
66a2234e-1d6d-4bbf-aa34-9aeeb7e88e3f,,active,1/01/2026,31/12/2026,"Jan 1, 2026",adult,12 months,Goran,Jelinic,,,,,,,,,goran_jelinic@hotmail.com,,,,,,,,,,b374ecbc-fd79-4f35-b6c7-cd5addb770f2,"{""track_ids"": null, ""email_enabled"": true, ""in_app_enabled"": true, ""nominations_open_enabled"": true, ""membership_renewal_enabled"": true}",FALSE
,,active,1/01/2026,31/12/2026,"Jan 1, 2026",adult,12 months,Spencer,John,,,,,,,,,spencerjohn.ers@gmail.com,,,,,,,,,,b374ecbc-fd79-4f35-b6c7-cd5addb770f2,"{""track_ids"": null, ""email_enabled"": true, ""in_app_enabled"": true, ""nominations_open_enabled"": true, ""membership_renewal_enabled"": true}",FALSE
,,active,1/07/2026,31/12/2026,"Jul 7, 2026",adult,6 months,Luke,Kain,,,,,,,,,hainesv146@gmail.com,,,,,,,,,,b374ecbc-fd79-4f35-b6c7-cd5addb770f2,"{""track_ids"": null, ""email_enabled"": true, ""in_app_enabled"": true, ""nominations_open_enabled"": true, ""membership_renewal_enabled"": true}",FALSE
,,active,1/01/2026,31/12/2026,"Apr 24, 2026",adult,12 months,Kosh,Kelley,,,,,,,,,Pommedownunder@gmail.com,,,,,,,,,,b374ecbc-fd79-4f35-b6c7-cd5addb770f2,"{""track_ids"": null, ""email_enabled"": true, ""in_app_enabled"": true, ""nominations_open_enabled"": true, ""membership_renewal_enabled"": true}",FALSE
46591d4f-3f13-46c0-98fa-b978adb4edc9,,active,1/01/2026,31/12/2026,"Jan 16, 2026",adult,12 months,Mike,Key,,,,,,,,,michaeljohnkey@gmail.com,,,,,,,,,,b374ecbc-fd79-4f35-b6c7-cd5addb770f2,"{""track_ids"": null, ""email_enabled"": true, ""in_app_enabled"": true, ""nominations_open_enabled"": true, ""membership_renewal_enabled"": true}",FALSE
,,,1/07/2026,31/12/2026,"Jul 10, 2026",adult,6 months,Jeff,Kirby,,,,,,,,,jeffrey.kirby@gmail.com,,,,,,,,,,b374ecbc-fd79-4f35-b6c7-cd5addb770f2,"{""track_ids"": null, ""email_enabled"": true, ""in_app_enabled"": true, ""nominations_open_enabled"": true, ""membership_renewal_enabled"": true}",FALSE
8353e98b-e76e-4ba9-b897-a11afcbed1ea,,active,1/01/2026,31/12/2026,"Mar 1, 2026",adult,12 months,Brandon,Ksiezopolski,,,,,,,,,b.d.ksiezopolski7@gmail.com,,,,,,,,,,b374ecbc-fd79-4f35-b6c7-cd5addb770f2,"{""track_ids"": null, ""email_enabled"": true, ""in_app_enabled"": true, ""nominations_open_enabled"": true, ""membership_renewal_enabled"": true}",FALSE
,,,1/07/2026,31/12/2026,"Jul 10, 2026",adult,6 months,Leonard,Lai,,,,,,,,,llai4@eq.edu.au,,,,,,,,,,b374ecbc-fd79-4f35-b6c7-cd5addb770f2,"{""track_ids"": null, ""email_enabled"": true, ""in_app_enabled"": true, ""nominations_open_enabled"": true, ""membership_renewal_enabled"": true}",FALSE
,,,1/01/2026,31/12/2026,"Jan 1, 2026",adult,12 months,Stewart,Langton,,,,,,,,,langton.stewart@gmail.com,,,,,,,,,,b374ecbc-fd79-4f35-b6c7-cd5addb770f2,"{""track_ids"": null, ""email_enabled"": true, ""in_app_enabled"": true, ""nominations_open_enabled"": true, ""membership_renewal_enabled"": true}",FALSE
9abd3f2f-8c35-46e8-a986-c16e6ae2a1ef,,active,1/01/2026,31/12/2026,"Mar 1, 2026",adult,12 months,Harry,Lawrance,,,,,,,,,hlawrance@ymail.com,,,,,,,,,,b374ecbc-fd79-4f35-b6c7-cd5addb770f2,"{""track_ids"": null, ""email_enabled"": true, ""in_app_enabled"": true, ""nominations_open_enabled"": true, ""membership_renewal_enabled"": true}",FALSE
e9ca484d-9990-4ccd-8c00-7c43fe151c33,,active,1/01/2026,31/12/2026,"Jan 1, 2026",adult,12 months,Matthew,Lawrance,,,,,,,,,matt_lawrance@hotmail.com,,,,,,,,,,b374ecbc-fd79-4f35-b6c7-cd5addb770f2,"{""track_ids"": null, ""email_enabled"": true, ""in_app_enabled"": true, ""nominations_open_enabled"": true, ""membership_renewal_enabled"": true}",FALSE
,,,1/07/2026,31/12/2026,"Jul 5, 2026",adult,6 months,Adam,Le Mura,,,,,,,,,ads.lemura02@gmail.com,,,,,,,,,,b374ecbc-fd79-4f35-b6c7-cd5addb770f2,"{""track_ids"": null, ""email_enabled"": true, ""in_app_enabled"": true, ""nominations_open_enabled"": true, ""membership_renewal_enabled"": true}",FALSE
,,,1/01/2026,31/12/2026,"Feb 6, 2026",adult,12 months,Sean,Leggett,,,,,,,,,s.leggett@bigpond.com,,,,,,,,,,b374ecbc-fd79-4f35-b6c7-cd5addb770f2,"{""track_ids"": null, ""email_enabled"": true, ""in_app_enabled"": true, ""nominations_open_enabled"": true, ""membership_renewal_enabled"": true}",FALSE
,,,1/01/2026,31/12/2026,"Jul 10, 2026",adult,12 months,Scott,Mackellar,,,,,,,,,scottymackellar23@hotmail.com,,,,,,,,,,b374ecbc-fd79-4f35-b6c7-cd5addb770f2,"{""track_ids"": null, ""email_enabled"": true, ""in_app_enabled"": true, ""nominations_open_enabled"": true, ""membership_renewal_enabled"": true}",FALSE
f5c36eac-38e6-49c1-8ff8-cdd8658245cb,,active,1/01/2026,31/12/2026,"Jan 1, 2026",adult,12 months,Craig,Mahon,,,,,,,,,c_mahon@live.com,,,,,,,,,,b374ecbc-fd79-4f35-b6c7-cd5addb770f2,"{""track_ids"": null, ""email_enabled"": true, ""in_app_enabled"": true, ""nominations_open_enabled"": true, ""membership_renewal_enabled"": true}",FALSE
a951046a-faec-4056-91cf-327980f6d71f,,active,1/01/2026,31/12/2026,"Jan 15, 2026",adult,12 months,Owen,Malone,,,,,,,,,o.a.malone@gmail.com,,,,,,,,,,b374ecbc-fd79-4f35-b6c7-cd5addb770f2,"{""track_ids"": null, ""email_enabled"": true, ""in_app_enabled"": true, ""nominations_open_enabled"": true, ""membership_renewal_enabled"": true}",FALSE
,,,1/07/2026,31/12/2026,"Aug 14, 2026",adult,6 months,Slaven,Marin,,,,,,,,,smarin@adam.com.au,,,,,,,,,,b374ecbc-fd79-4f35-b6c7-cd5addb770f2,"{""track_ids"": null, ""email_enabled"": true, ""in_app_enabled"": true, ""nominations_open_enabled"": true, ""membership_renewal_enabled"": true}",FALSE
154706e4-ac58-42c3-922c-29edf98bf235,,active,1/01/2026,31/12/2026,"Jan 12, 2026",adult,12 months,Nathan,Marsh,,,,,,,,,nathanwmarsh@hotmail.com,,,,,,,,,,b374ecbc-fd79-4f35-b6c7-cd5addb770f2,"{""track_ids"": null, ""email_enabled"": true, ""in_app_enabled"": true, ""nominations_open_enabled"": true, ""membership_renewal_enabled"": true}",FALSE
06cb9701-3692-4481-996a-3942133722f4,,active,1/01/2026,31/12/2026,"Feb 25, 2026",adult,12 months,Jayden,Maujean,,,,,,,,,jayden.maujean@gmail.com,,,,,,,,,,b374ecbc-fd79-4f35-b6c7-cd5addb770f2,"{""track_ids"": null, ""email_enabled"": true, ""in_app_enabled"": true, ""nominations_open_enabled"": true, ""membership_renewal_enabled"": true}",FALSE
dcf870c9-ff5d-4498-9073-c9542786a157,,active,1/01/2026,31/12/2026,"Jan 5, 2026",adult,12 months,Bill,McConnell,,,,,,,,,bill.mcconnell@jci.com,,,,,,,,,,b374ecbc-fd79-4f35-b6c7-cd5addb770f2,"{""track_ids"": null, ""email_enabled"": true, ""in_app_enabled"": true, ""nominations_open_enabled"": true, ""membership_renewal_enabled"": true}",FALSE
,,,,,"Jan 1, 2026",adult,12 months,Tim,Mckay,,,,,,,,,tim.mckay808@gmail.com,,,,,,,,,,b374ecbc-fd79-4f35-b6c7-cd5addb770f2,"{""track_ids"": null, ""email_enabled"": true, ""in_app_enabled"": true, ""nominations_open_enabled"": true, ""membership_renewal_enabled"": true}",FALSE
b4522102-02e3-4d55-9659-ce66d3f9bff3,,active,1/01/2026,31/12/2026,"Jan 1, 2026",adult,12 months,Don,Mclennan,,,,,,,,,1972donaldsmclennan@gmail.com,,,,,,,,,,b374ecbc-fd79-4f35-b6c7-cd5addb770f2,"{""track_ids"": null, ""email_enabled"": true, ""in_app_enabled"": true, ""nominations_open_enabled"": true, ""membership_renewal_enabled"": true}",FALSE
6c1aaf0d-78c9-4bb2-a84a-b20cc87fccaa,,active,1/01/2026,31/12/2026,"Jan 1, 2026",adult,12 months,Jason,Meech,,,,,,,,,jester992011@gmail.com,,,,,,,,,,b374ecbc-fd79-4f35-b6c7-cd5addb770f2,"{""track_ids"": null, ""email_enabled"": true, ""in_app_enabled"": true, ""nominations_open_enabled"": true, ""membership_renewal_enabled"": true}",FALSE
729ea5ea-9d46-4c5b-abca-9e4deac26de9,,active,1/01/2026,31/12/2026,"Jan 1, 2026",adult,12 months,Anthony,Miller,,,,,,,,,anthonyjmiller@hotmail.com,,,,,,,,,,b374ecbc-fd79-4f35-b6c7-cd5addb770f2,"{""track_ids"": null, ""email_enabled"": true, ""in_app_enabled"": true, ""nominations_open_enabled"": true, ""membership_renewal_enabled"": true}",FALSE
a5231667-df87-4a2b-865a-4e3814b972c2,,active,1/01/2026,31/12/2026,"Feb 5, 2026",adult,12 months,Jason,Millward,,,,,,,,,jmillward73@optusnet.com.au,,,,,,,,,,b374ecbc-fd79-4f35-b6c7-cd5addb770f2,"{""track_ids"": null, ""email_enabled"": true, ""in_app_enabled"": true, ""nominations_open_enabled"": true, ""membership_renewal_enabled"": true}",FALSE
26c5cc6d-f09f-49c8-a89f-900f93d5a01b,8001d3e3-7b88-4ea1-aebc-d9d94985c9c0,active,1/01/2026,31/12/2026,"Jan 1, 2026",adult,12 months,Jason,Molle,,,,,,,,,jmolle77@gmail.com,,,,,,,,,,b374ecbc-fd79-4f35-b6c7-cd5addb770f2,"{""track_ids"": null, ""email_enabled"": true, ""in_app_enabled"": true, ""nominations_open_enabled"": true, ""membership_renewal_enabled"": true}",FALSE
992f2b3d-219e-45b9-8cb2-b5f7d3735af5,,active,1/01/2026,31/12/2026,"Jan 7, 2026",adult,12 months,Andy,Nelson,,,,,,,,,andynelson1970@gmail.com,,,,,,,,,,b374ecbc-fd79-4f35-b6c7-cd5addb770f2,"{""track_ids"": null, ""email_enabled"": true, ""in_app_enabled"": true, ""nominations_open_enabled"": true, ""membership_renewal_enabled"": true}",FALSE
0e1b1dc0-29bd-49e4-9a66-a40cea9b3882,,active,1/01/2026,31/12/2026,"Jan 8, 2026",adult,12 months,Bill,Nicol,,,,,,,,,billnicoltattoo@gmail.com,,,,,,,,,,b374ecbc-fd79-4f35-b6c7-cd5addb770f2,"{""track_ids"": null, ""email_enabled"": true, ""in_app_enabled"": true, ""nominations_open_enabled"": true, ""membership_renewal_enabled"": true}",FALSE
416b3d72-6fd0-4fad-8851-37499e75842a,,active,1/01/2026,31/12/2026,"Jan 16, 2026",adult,12 months,Andrew,Nobbs,,,,,,,,,anobbs79@gmail.com,,,,,,,,,,b374ecbc-fd79-4f35-b6c7-cd5addb770f2,"{""track_ids"": null, ""email_enabled"": true, ""in_app_enabled"": true, ""nominations_open_enabled"": true, ""membership_renewal_enabled"": true}",FALSE
,,active,1/01/2026,31/12/2026,"Jan 1, 2026",adult,12 months,Paul,Parrish,,,,,,,,,paulparrish2007bmw@gmail.com,,,,,,,,,,b374ecbc-fd79-4f35-b6c7-cd5addb770f2,"{""track_ids"": null, ""email_enabled"": true, ""in_app_enabled"": true, ""nominations_open_enabled"": true, ""membership_renewal_enabled"": true}",FALSE
9167e626-9cb0-48a9-bf10-8ab9583fd376,,active,1/01/2026,31/12/2026,"Jan 1, 2026",adult,12 months,John,Perkins,,,,,,,,,progresspaving@yahoo.com,,,,,,,,,,b374ecbc-fd79-4f35-b6c7-cd5addb770f2,"{""track_ids"": null, ""email_enabled"": true, ""in_app_enabled"": true, ""nominations_open_enabled"": true, ""membership_renewal_enabled"": true}",FALSE
2dc10ffd-e2ba-4555-bf2f-fa9494580570,,active,1/01/2026,31/12/2026,"Jan 1, 2026",adult,12 months,Roy,Poltock,,,,,,,,,roylesliejohnpoltock77@gmail.com,,,,,,,,,,b374ecbc-fd79-4f35-b6c7-cd5addb770f2,"{""track_ids"": null, ""email_enabled"": true, ""in_app_enabled"": true, ""nominations_open_enabled"": true, ""membership_renewal_enabled"": true}",FALSE
,,active,1/01/2026,31/12/2026,"Mar 29, 2026",adult,12 months,Brian,Poole,,,,,,,,,poole_57@hotmail.com,,,,,,,,,,b374ecbc-fd79-4f35-b6c7-cd5addb770f2,"{""track_ids"": null, ""email_enabled"": true, ""in_app_enabled"": true, ""nominations_open_enabled"": true, ""membership_renewal_enabled"": true}",FALSE
,,active,1/01/2026,31/12/2026,"Feb 7, 2026",adult,12 months,Steve,Reeves,,,,,,,,,stevencreeves@me.com,,,,,,,,,,b374ecbc-fd79-4f35-b6c7-cd5addb770f2,"{""track_ids"": null, ""email_enabled"": true, ""in_app_enabled"": true, ""nominations_open_enabled"": true, ""membership_renewal_enabled"": true}",FALSE
7d1ce288-1462-4a39-b665-435fe09c0f87,,active,1/01/2026,31/12/2026,"Jan 1, 2026",adult,12 months,Carlo,Righini,,,,,,,,,carlo.righini@mac.com,,,,,,,,,,b374ecbc-fd79-4f35-b6c7-cd5addb770f2,"{""track_ids"": null, ""email_enabled"": true, ""in_app_enabled"": true, ""nominations_open_enabled"": true, ""membership_renewal_enabled"": true}",FALSE
ebaa4c69-cbb0-455e-a40e-662f02e62165,,active,1/01/2026,31/12/2026,"Jan 10, 2026",adult,12 months,Matt,Roberts,,,,,,,,,wrapitupmate@gmail.com,,,,,,,,,,b374ecbc-fd79-4f35-b6c7-cd5addb770f2,"{""track_ids"": null, ""email_enabled"": true, ""in_app_enabled"": true, ""nominations_open_enabled"": true, ""membership_renewal_enabled"": true}",FALSE
,,active,1/01/2026,31/12/2026,"Mar 13, 2026",adult,12 months,Andre,Roeland,,,,,,,,,oodre108@yahoo.com,,,,,,,,,,b374ecbc-fd79-4f35-b6c7-cd5addb770f2,"{""track_ids"": null, ""email_enabled"": true, ""in_app_enabled"": true, ""nominations_open_enabled"": true, ""membership_renewal_enabled"": true}",FALSE
a52d0466-7de0-434f-a4db-54c2a4c706d3,,active,1/01/2026,30/06/2026,"Jan 3, 2026",adult,6 months,Dimitri,Roumeliotis,,,,,,,,,anthonyroumeliotis@hotmail.com,,,,,,,,,,b374ecbc-fd79-4f35-b6c7-cd5addb770f2,"{""track_ids"": null, ""email_enabled"": true, ""in_app_enabled"": true, ""nominations_open_enabled"": true, ""membership_renewal_enabled"": true}",FALSE
6d668c05-2562-4bf2-a3b9-9a64324367f2,,active,1/01/2026,31/12/2026,"Jan 1, 2026",adult,12 months,Anthony,Rushworth,,,,,,,,,antony.rushworth@protonmail.com,,,,,,,,,,b374ecbc-fd79-4f35-b6c7-cd5addb770f2,"{""track_ids"": null, ""email_enabled"": true, ""in_app_enabled"": true, ""nominations_open_enabled"": true, ""membership_renewal_enabled"": true}",FALSE
f1cc7774-f40c-48a9-aaae-d6752df31021,,active,1/01/2026,31/12/2026,"Jan 17, 2026",adult,12 months,Brett,Ryan,,,,,,,,,brettandbec@hotmail.com,,,,,,,,,,b374ecbc-fd79-4f35-b6c7-cd5addb770f2,"{""track_ids"": null, ""email_enabled"": true, ""in_app_enabled"": true, ""nominations_open_enabled"": true, ""membership_renewal_enabled"": true}",FALSE
858ef0ce-f33d-40fc-8bad-b319027579d1,,active,1/01/2026,31/12/2026,"Jan 11, 2026",adult,12 months,Jason,Ryan,,,,,,,,,Jryan74.JR@gmail.com,,,,,,,,,,b374ecbc-fd79-4f35-b6c7-cd5addb770f2,"{""track_ids"": null, ""email_enabled"": true, ""in_app_enabled"": true, ""nominations_open_enabled"": true, ""membership_renewal_enabled"": true}",FALSE
2c216d3b-2d52-4108-b42f-ed0025ed0458,,active,1/01/2026,31/12/2026,"Jan 7, 2026",adult,12 months,Agustin,Salcedo,,,,,,,,,judygus.salcedo@gmail.com,,,,,,,,,,b374ecbc-fd79-4f35-b6c7-cd5addb770f2,"{""track_ids"": null, ""email_enabled"": true, ""in_app_enabled"": true, ""nominations_open_enabled"": true, ""membership_renewal_enabled"": true}",FALSE
cbe5b4e1-21c6-411f-9812-78a14b69a1af,,active,1/01/2026,31/12/2026,"Jan 15, 2026",adult,12 months,Aaron,Sanders,,,,,,,,,colonelsanders_21@hotmail.com,,,,,,,,,,b374ecbc-fd79-4f35-b6c7-cd5addb770f2,"{""track_ids"": null, ""email_enabled"": true, ""in_app_enabled"": true, ""nominations_open_enabled"": true, ""membership_renewal_enabled"": true}",FALSE
2c9018be-c5c7-4645-83f3-dfcf7d2118de,,active,1/01/2026,31/12/2026,"Jan 1, 2026",adult,12 months,Chris,Schoenfisch,,,,,,,,,bmx28@hotmail.com,,,,,,,,,,b374ecbc-fd79-4f35-b6c7-cd5addb770f2,"{""track_ids"": null, ""email_enabled"": true, ""in_app_enabled"": true, ""nominations_open_enabled"": true, ""membership_renewal_enabled"": true}",FALSE
,,,1/01/2026,31/12/2026,"Mar 14, 2026",adult,12 months,Iain,Schwartz,,,,,,,,,iain.schwartz@gmail.com,,,,,,,,,,b374ecbc-fd79-4f35-b6c7-cd5addb770f2,"{""track_ids"": null, ""email_enabled"": true, ""in_app_enabled"": true, ""nominations_open_enabled"": true, ""membership_renewal_enabled"": true}",FALSE
,,,1/01/2026,31/12/2026,"Feb 20, 2026",adult,12 months,peter,scott,,,,,,,,,pedrojscott@hotmail.com,,,,,,,,,,b374ecbc-fd79-4f35-b6c7-cd5addb770f2,"{""track_ids"": null, ""email_enabled"": true, ""in_app_enabled"": true, ""nominations_open_enabled"": true, ""membership_renewal_enabled"": true}",FALSE
6cbb905a-455e-4eb0-bd56-4c97d3e6d523,,active,1/01/2026,31/12/2026,"Jan 1, 2026",adult,12 months,Roy,Scott,,,,,,,,,royden_scott@bigpond.com,,,,,,,,,,b374ecbc-fd79-4f35-b6c7-cd5addb770f2,"{""track_ids"": null, ""email_enabled"": true, ""in_app_enabled"": true, ""nominations_open_enabled"": true, ""membership_renewal_enabled"": true}",FALSE
be670cda-1baa-4602-9bb7-0c1515556a22,,active,1/01/2026,31/12/2026,"Jan 16, 2026",adult,12 months,Andrew,Shard,,,,,,,,,redbullf1007@outlook.com,,,,,,,,,,b374ecbc-fd79-4f35-b6c7-cd5addb770f2,"{""track_ids"": null, ""email_enabled"": true, ""in_app_enabled"": true, ""nominations_open_enabled"": true, ""membership_renewal_enabled"": true}",FALSE
ee7e4a85-dd2d-47cd-8864-da3fb71337a2,,active,1/01/2026,31/12/2026,"Jan 9, 2026",adult,12 months,Luke,Sharpe,,,,,,,,,coral27@optusnet.com.au,,,,,,,,,,b374ecbc-fd79-4f35-b6c7-cd5addb770f2,"{""track_ids"": null, ""email_enabled"": true, ""in_app_enabled"": true, ""nominations_open_enabled"": true, ""membership_renewal_enabled"": true}",FALSE
b013b220-5e44-429b-9bca-27c513e3af38,,active,1/01/2026,31/12/2026,"Jan 1, 2026",adult,12 months,Jason,Sheppard,,,,,,,,,jazjas@hotmail.com,,,,,,,,,,b374ecbc-fd79-4f35-b6c7-cd5addb770f2,"{""track_ids"": null, ""email_enabled"": true, ""in_app_enabled"": true, ""nominations_open_enabled"": true, ""membership_renewal_enabled"": true}",FALSE
,,,1/07/2026,31/12/2026,"May 11, 2026",adult,6 months,Morgan,Smith,,,,,,,,,morganmusic893@gmail.com,,,,,,,,,,b374ecbc-fd79-4f35-b6c7-cd5addb770f2,"{""track_ids"": null, ""email_enabled"": true, ""in_app_enabled"": true, ""nominations_open_enabled"": true, ""membership_renewal_enabled"": true}",FALSE
,,,1/01/2026,31/12/2026,"May 5, 2026",adult,12 months,Stephen,Smith,,,,,,,,,s.d.l.smith74@gmail.com,,,,,,,,,,b374ecbc-fd79-4f35-b6c7-cd5addb770f2,"{""track_ids"": null, ""email_enabled"": true, ""in_app_enabled"": true, ""nominations_open_enabled"": true, ""membership_renewal_enabled"": true}",FALSE
cd0e6fd8-751a-453c-a803-bbd962f41c98,,active,1/01/2026,31/12/2026,"Jan 2, 2026",adult,12 months,Darren,Smith,,,,,,,,,darren.smith@hpe.com,,,,,,,,,,b374ecbc-fd79-4f35-b6c7-cd5addb770f2,"{""track_ids"": null, ""email_enabled"": true, ""in_app_enabled"": true, ""nominations_open_enabled"": true, ""membership_renewal_enabled"": true}",FALSE
b9b491bf-4b85-4cef-bd46-485c08ee791b,,active,1/01/2026,31/12/2026,"Apr 6, 2026",adult,12 months,Brad,Soblusky,,,,,,,,,racarb01@bigpond.com,,,,,,,,,,b374ecbc-fd79-4f35-b6c7-cd5addb770f2,"{""track_ids"": null, ""email_enabled"": true, ""in_app_enabled"": true, ""nominations_open_enabled"": true, ""membership_renewal_enabled"": true}",FALSE
9006abe5-016c-41bc-a06a-ff0169e5dc84,,active,1/01/2026,31/12/2026,"Jan 10, 2026",adult,12 months,Nathan,Sowter,,,,,,,,,nathanboat@hotmail.com,,,,,,,,,,b374ecbc-fd79-4f35-b6c7-cd5addb770f2,"{""track_ids"": null, ""email_enabled"": true, ""in_app_enabled"": true, ""nominations_open_enabled"": true, ""membership_renewal_enabled"": true}",FALSE
240f89ce-ad19-414e-af40-09ed06e474a0,,active,1/01/2026,31/12/2026,"Jan 1, 2026",adult,12 months,Jenson,Spencer,,,,,,,,,jspencer@hashtagevolve.com.au,,,,,,,,,,b374ecbc-fd79-4f35-b6c7-cd5addb770f2,"{""track_ids"": null, ""email_enabled"": true, ""in_app_enabled"": true, ""nominations_open_enabled"": true, ""membership_renewal_enabled"": true}",FALSE
4abe0666-65e7-474e-9791-a47640274c71,,active,1/01/2026,31/12/2026,"Jan 16, 2026",adult,12 months,Banyula RC,Steve,,,,,,,,,steve.au@optusnet.com.au,,,,,,,,,,b374ecbc-fd79-4f35-b6c7-cd5addb770f2,"{""track_ids"": null, ""email_enabled"": true, ""in_app_enabled"": true, ""nominations_open_enabled"": true, ""membership_renewal_enabled"": true}",FALSE
7bbdf14e-22d2-40c4-bb1e-c7b14f952ef9,,active,1/01/2026,31/12/2026,"Jan 8, 2026",adult,12 months,Keith,Stevens,,,,,,,,,jennypimpama@gmail.com,,,,,,,,,,b374ecbc-fd79-4f35-b6c7-cd5addb770f2,"{""track_ids"": null, ""email_enabled"": true, ""in_app_enabled"": true, ""nominations_open_enabled"": true, ""membership_renewal_enabled"": true}",FALSE
47054774-39ab-4c2f-b10a-9265baea1f1b,,active,1/01/2026,31/12/2026,"Jan 17, 2026",adult,12 months,Liam,Stone,,,,,,,,,liamgoo@hotmail.com,,,,,,,,,,b374ecbc-fd79-4f35-b6c7-cd5addb770f2,"{""track_ids"": null, ""email_enabled"": true, ""in_app_enabled"": true, ""nominations_open_enabled"": true, ""membership_renewal_enabled"": true}",FALSE
16c5ecc9-684b-45db-bc18-3d23f25b51f0,,active,1/01/2026,31/12/2026,"Jan 1, 2026",adult,12 months,Alan,Stons,,,,,,,,,alanstons@hotmail.com,,,,,,,,,,b374ecbc-fd79-4f35-b6c7-cd5addb770f2,"{""track_ids"": null, ""email_enabled"": true, ""in_app_enabled"": true, ""nominations_open_enabled"": true, ""membership_renewal_enabled"": true}",FALSE
828a8c27-f85b-4f77-99e7-3f5b7904c6f8,,active,1/01/2026,31/12/2026,"Jan 1, 2026",adult,12 months,Christopher,Sturdy,,,,,,,,,chris.sturdy13@gmail.com,,,,,,,,,,b374ecbc-fd79-4f35-b6c7-cd5addb770f2,"{""track_ids"": null, ""email_enabled"": true, ""in_app_enabled"": true, ""nominations_open_enabled"": true, ""membership_renewal_enabled"": true}",FALSE
,,active,1/01/2026,31/12/2026,"Jan 4, 2026",adult,12 months,Scott,Supple,,,,,,,,,scott.supple77@gmail.com,,,,,,,,,,b374ecbc-fd79-4f35-b6c7-cd5addb770f2,"{""track_ids"": null, ""email_enabled"": true, ""in_app_enabled"": true, ""nominations_open_enabled"": true, ""membership_renewal_enabled"": true}",FALSE
,,active,1/01/2026,31/12/2026,"Mar 14, 2026",adult,12 months,Michael,Thomas,,,,,,,,,chargersrc@outlook.com,,,,,,,,,,b374ecbc-fd79-4f35-b6c7-cd5addb770f2,"{""track_ids"": null, ""email_enabled"": true, ""in_app_enabled"": true, ""nominations_open_enabled"": true, ""membership_renewal_enabled"": true}",FALSE
,,active,1/07/2026,31/12/2026,"Aug 15, 2026",adult,6 months,Richard,Thompson,,,,,,,,,richard86yz426@live.com.au,,,,,,,,,,b374ecbc-fd79-4f35-b6c7-cd5addb770f2,"{""track_ids"": null, ""email_enabled"": true, ""in_app_enabled"": true, ""nominations_open_enabled"": true, ""membership_renewal_enabled"": true}",FALSE
6c867ef7-aac7-4ec8-a55e-89038dc8916a,,active,1/01/2026,31/12/2026,"Jan 15, 2026",adult,12 months,Ben,Walsh,,,,,,,,,walsh.ben9@gmail.com,,,,,,,,,,b374ecbc-fd79-4f35-b6c7-cd5addb770f2,"{""track_ids"": null, ""email_enabled"": true, ""in_app_enabled"": true, ""nominations_open_enabled"": true, ""membership_renewal_enabled"": true}",FALSE
,,active,1/07/2026,31/12/2026,"Jul 10, 2026",adult,6 months,David,Ward,,,,,,,,,davidward1955@gmail.com,,,,,,,,,,b374ecbc-fd79-4f35-b6c7-cd5addb770f2,"{""track_ids"": null, ""email_enabled"": true, ""in_app_enabled"": true, ""nominations_open_enabled"": true, ""membership_renewal_enabled"": true}",FALSE
,,active,1/01/2026,31/12/2026,"Jan 11, 2026",adult,12 months,Tyson,Webb,,,,,,,,,mugen_addict@yahoo.com.au,,,,,,,,,,b374ecbc-fd79-4f35-b6c7-cd5addb770f2,"{""track_ids"": null, ""email_enabled"": true, ""in_app_enabled"": true, ""nominations_open_enabled"": true, ""membership_renewal_enabled"": true}",FALSE
23d39975-e1c3-4058-8b15-933b67c43970,,active,1/01/2026,31/12/2026,"Jan 5, 2026",adult,12 months,Matthew,Williams,,,,,,,,,matthewwilliams043@gmail.com,,,,,,,,,,b374ecbc-fd79-4f35-b6c7-cd5addb770f2,"{""track_ids"": null, ""email_enabled"": true, ""in_app_enabled"": true, ""nominations_open_enabled"": true, ""membership_renewal_enabled"": true}",FALSE
,,active,1/01/2026,31/12/2026,"Jan 10, 2026",adult,12 months,Simon,Young,,,,,,,,,sputzrunner@gmail.com,,,,,,,,,,b374ecbc-fd79-4f35-b6c7-cd5addb770f2,"{""track_ids"": null, ""email_enabled"": true, ""in_app_enabled"": true, ""nominations_open_enabled"": true, ""membership_renewal_enabled"": true}",FALSE
30875835-921b-4e0c-b229-e46d509255cf,,active,1/01/2026,31/12/2026,"Jan 1, 2026",adult,12 months,Daniel,Young,,,,,,,,,danielcy86@outlook.com,,,,,,,,,,b374ecbc-fd79-4f35-b6c7-cd5addb770f2,"{""track_ids"": null, ""email_enabled"": true, ""in_app_enabled"": true, ""nominations_open_enabled"": true, ""membership_renewal_enabled"": true}",FALSE
ad5eece1-ec67-4e13-a0c3-e9967858ce79,,active,1/01/2026,31/12/2026,"Jan 1, 2026",adult,12 months,Adam,Ziebart,,,,,,,,,adam.ziebart@gmail.com,,,,,,,,,,b374ecbc-fd79-4f35-b6c7-cd5addb770f2,"{""track_ids"": null, ""email_enabled"": true, ""in_app_enabled"": true, ""nominations_open_enabled"": true, ""membership_renewal_enabled"": true}",FALSE
